"序号","单词","分类","音标","词性","中文","词源/记忆技巧","级别","常考题型","常见搭配","易混淆","例句","真题考法"
"1","coffee","饮品","/ˈkɒfi/（英）  /ˈkɔːfi/（美）","n.","咖啡","Coffee 来自阿拉伯语，意思是""让人兴奋的东西""。想象一杯热咖啡冒出的香气像小火车""咔咔""开过来——""coffee""听起来就像""咔啡""，喝了精神好！","KET 核心词汇","听力 Part 2（点餐场景）；阅读 Part 3（菜单/日常对话）","a cup of coffee（一杯咖啡）；black coffee（黑咖啡）；coffee shop（咖啡店）；make coffee（煮咖啡）","coffee（咖啡）vs tea（茶）——coffee 是棕色热饮，tea 是茶叶泡的；cafe（咖啡馆）是地方，coffee 是饮料","My dad drinks a cup of coffee every morning. 我爸爸每天早上喝一杯咖啡。","听对话选""顾客点了什么饮料""，或在菜单阅读题中判断哪种饮品不含牛奶"
"2","cola","饮品","/ˈkəʊlə/（英）  /ˈkoʊlə/（美）","n.","可乐","Cola 来自可乐果（kola nut），一种非洲植物，以前人们用它做提神饮料。记住：Cola 就是""C 乐""——喝可乐，快乐！","KET 核心词汇","听力 Part 2（快餐店/派对场景）；阅读 Part 3（饮食健康话题）","a can of cola（一罐可乐）；cola drink（可乐饮料）；diet cola（低糖可乐）","cola（可乐）vs coffee（咖啡）——cola 是冰的、有气泡的甜饮料；coffee 是热饮","Can I have a cola, please? 请给我来一罐可乐好吗？","听对话判断孩子选了哪种软饮料，或在阅读中区分 healthy/unhealthy drinks"
"3","chocolate","饮品","/ˈtʃɒklət/（英）  /ˈtʃɑːklət/（美）","n.","巧克力","Chocolate 来自墨西哥古代语言，原意是""苦水""。把单词拆开记：choco + late——""巧克力来晚了""，因为太好吃了，一眨眼就被吃光啦！","KET 核心词汇","听力 Part 2（生日派对/购物）；阅读 Part 4（喜好表达）","a bar of chocolate（一条巧克力）；hot chocolate（热巧克力）；chocolate cake（巧克力蛋糕）；dark chocolate（黑巧克力）","chocolate（巧克力）vs cocoa（可可粉）——chocolate 是成品糖果，cocoa 是做巧克力的粉末","I love eating chocolate after dinner. 我喜欢晚饭后吃巧克力。","听录音选""生日礼物是什么""，或阅读中判断某人 favorite food"
"4","drink","饮品","/drɪŋk/","n. / v.","饮料；喝","Drink 是英语里很古老的词，和""干杯""drink up 是一家人。做名词是""drink""（饮料），做动词是""drink""（喝）——同一个词，两种用法，像变形金刚！","KET 核心词汇","听力 Part 2（餐厅点餐）；阅读 Part 3（日常对话）；写作 Part 6（邀请信中的 food and drink）","soft drink（软饮料）；drink water（喝水）；have a drink（喝一杯）；hot/cold drink（热/冷饮）","drink（喝/饮料）vs eat（吃）——drink 用于液体，eat 用于固体食物","What would you like to drink? 你想喝点什么？","听对话填空 ""Would you like something to ___?"" 或在阅读中选择正确的动词形式"
"5","juice","饮品","/dʒuːs/","n.","果汁","Juice 来自拉丁语，意思是""液体、汁""。想象水果被挤压，""juice"" 就像""啾~""一声，汁水喷出来啦！橘子汁 orange juice 最经典。","KET 核心词汇","听力 Part 2（早餐/野餐场景）；阅读 Part 3（健康饮食）","orange juice（橙汁）；apple juice（苹果汁）；fresh juice（鲜榨果汁）；a glass of juice（一杯果汁）","juice（果汁）vs jam（果酱）——juice 是液体，jam 是稠的、涂在面包上的","I had orange juice for breakfast. 我早餐喝了橙汁。","听对话判断早餐喝了什么，或在阅读 healthy food 列表中选出 juice"
"6","lemonade","饮品","/ˌleməˈneɪd/","n.","柠檬水","Lemonade = lemon（柠檬）+ ade（饮料后缀）。夏天最热的时候，来一杯冰 lemonade，酸酸甜甜，像柠檬在对你笑！","KET 核心词汇","听力 Part 2（派对/野餐）；阅读 Part 3（描述饮料）","a glass of lemonade（一杯柠檬水）；fresh lemonade（鲜榨柠檬水）；homemade lemonade（自制柠檬水）","lemonade（柠檬水）vs lemon（柠檬）——lemon 是水果，lemonade 是用柠檬做的饮料","She made lemonade for the picnic. 她为野餐做了柠檬水。","听对话判断派对准备了什么饮料，或在阅读描述 summer drinks 时出现"
"7","milk","饮品","/mɪlk/","n.","牛奶","Milk 是英语最古老的词之一，和中文""奶""一样，全世界妈妈都会给小孩 milk！记住：milk 白白的，像 Milky Way 银河一样温柔。","KET 核心词汇","听力 Part 2（购物清单）；阅读 Part 3（早餐/健康话题）","a glass of milk（一杯牛奶）；milk shake（奶昔）；skimmed milk（脱脂奶）；pour milk（倒牛奶）","milk（牛奶）vs water（水）——milk 白色、来自动物，water 透明、无色","Children need to drink milk every day. 孩子们需要每天喝牛奶。","听购物对话判断买了什么，或在阅读 healthy breakfast 文章中选择 milk"
"8","mineral","饮品","/ˈmɪnərəl/","n.","矿泉水（mineral water 的简称）","Mineral 来自 mine（矿）+ al，意思是""来自矿里的""。矿泉水是从地下矿物质丰富的水源取来的，所以叫 mineral water。记：miner（矿工）挖矿，mineral 是矿里的好水！","KET 核心词汇","听力 Part 2（餐厅/运动场景）；阅读 Part 3（健康与饮食）","mineral water（矿泉水）；a bottle of mineral water（一瓶矿泉水）；still/sparkling mineral water（无气/有气矿泉水）","mineral water（矿泉水）vs tap water（自来水）——mineral water 是瓶装商品，tap water 是水龙头里的","I'd like a bottle of mineral water, please. 请给我一瓶矿泉水。","听餐厅对话选饮料，或在阅读中区分 still water 和 sparkling water"
"9","yoghurt","饮品","/ˈjɒɡət/（英）  /ˈjoʊɡərt/（美）","n.","酸奶","Yoghurt 来自土耳其语，是一种发酵的奶制品。美国人常拼 yogurt（少一个 h）。想象""yoghurt""里藏着""yo""（哟）——""哟，好酸好滑！"" 就是酸奶的感觉。","KET 核心词汇","听力 Part 2（超市购物）；阅读 Part 3（早餐/零食话题）","a pot of yoghurt（一杯/盒酸奶）；fruit yoghurt（水果酸奶）；low-fat yoghurt（低脂酸奶）；Greek yoghurt（希腊酸奶）","yoghurt（酸奶）vs milk（牛奶）——yoghurt 是发酵后的，更稠、更酸；milk 是液体","I eat yoghurt with fruit for breakfast. 我早餐吃酸奶配水果。","听购物对话判断买了哪种 dairy product，或在阅读 healthy snack 选项中出现"
"10","boil","烹饪","/bɔɪl/","v.","煮；沸腾","Boil 来自拉丁语，原意是""冒泡""。水烧开了，咕嘟咕嘟冒泡，就像锅在"" boil boil"" 说话！煮鸡蛋 = boil an egg，简单好记。","KET 核心词汇","听力 Part 4（烹饪说明）；阅读 Part 4（食谱/操作步骤）","boil water（烧水）；boil an egg（煮鸡蛋）；boil rice（煮饭）；bring to the boil（煮至沸腾）","boil（煮/沸腾）vs bake（烘焙）——boil 用水，bake 用烤箱；boil 是 wet cooking，bake 是 dry heat","Boil the water before you make tea. 泡茶前先烧水。","听烹饪节目选第一步做什么，或在阅读 recipe 中按顺序排列 cooking steps"
"11","bake","烹饪","/beɪk/","v.","烘焙；烤（用烤箱）","Bake 和 batch（一批）是亲戚，一批批面包在烤箱里 bake！记住：cake（蛋糕）要 bake，不是 boil——""bake"" 和 ""cake"" 都有 a 和 e，都在烤箱里！","KET 核心词汇","听力 Part 4（烹饪/烘焙节目）；阅读 Part 4（食谱）","bake a cake（烤蛋糕）；bake bread（烤面包）；bake in the oven（用烤箱烤）；baking time（烘烤时间）","bake（烤箱烘焙）vs roast（烤肉）——bake 多用于面包、蛋糕，roast 多用于肉","My mum likes to bake cookies on Sundays. 我妈妈喜欢周日烤饼干。","听烹饪步骤判断用什么方法，或在阅读 recipe 中选 bake / boil / fry"
"12","fry","烹饪","/fraɪ/","v.","煎；炸","Fry 来自法语，意思是""在油里煎""。French fries（薯条）就是 fry 的杰作！想象油锅里""滋啦滋啦""——fry 和 fire（火）都有 f，都要用火和油。","KET 核心词汇","听力 Part 4（做饭场景）；阅读 Part 4（食谱/厨房对话）","fry an egg（煎鸡蛋）；fry fish（炸鱼）；deep fry（油炸）；stir-fry（炒）","fry（油煎/炸）vs grill（烧烤）——fry 用平底锅和油，grill 用烤架、少油","Fry the onions in a little oil. 用一点油把洋葱煎一下。","听厨师说明选 cooking method，或在阅读中区分 fry 和 boil"
"13","grill","烹饪","/ɡrɪl/","v. / n.","烧烤；烤架","Grill 来自法语 gril，就是""烤架""的意思。夏天户外 BBQ，肉放在 grill 上，""grill grill"" 冒着香味。grill 既是动词""烧烤""，也是名词""烤架""，一物两用！","KET 核心词汇","听力 Part 2（BBQ/野餐）；阅读 Part 4（烹饪方式）","grill chicken（烤鸡）；on the grill（在烤架上）；grill vegetables（烤蔬菜）；indoor grill（室内烤架）","grill（烧烤）vs roast（烤箱烤）——grill 是明火/烤架，roast 多在 closed oven 里","We grilled sausages in the garden. 我们在花园里烤了香肠。","听野餐对话判断怎么做饭，或在阅读 cooking methods 表格中匹配 grill"
"14","roast","烹饪","/rəʊst/","v. / n. / adj.","烤（肉类）；烤肉","Roast 来自古法语，专门指""在火上转着烤""。Roast turkey（烤火鸡）是感恩节大菜！记：roast 的 o 像火炉的口，a 像肉，st 像 smell tasty（好香）！","KET 核心词汇","听力 Part 4（节日大餐）；阅读 Part 4（食谱/节日饮食）","roast chicken（烤鸡）；roast beef（烤牛肉）；roast potatoes（烤土豆）；Sunday roast（周日烤肉大餐）","roast（烤肉类）vs toast（烤面包片）——roast 是大块肉，toast 是薄面包片","We had roast chicken for Sunday lunch. 我们周日午餐吃了烤鸡。","听节日聚餐对话选主菜，或在阅读 Christmas dinner 描述中出现 roast"
"15","toast","烹饪","/təʊst/","n. / v.","吐司；烤（面包片）","Toast 来自拉丁语 tostus（烤过的）。把 bread 放进 toaster（烤面包机），""叮！"" 一声，toast 就做好啦。toast 既是名词""吐司""，也是动词""烤面包""——早餐必备！","KET 核心词汇","听力 Part 2（早餐场景）；阅读 Part 3（日常饮食）","a slice of toast（一片吐司）；make toast（烤面包）；toast and butter（吐司加黄油）；French toast（法式吐司）","toast（吐司/烤面包片）vs bread（面包）——bread 是未烤的，toast 是烤过的、脆脆的","I like toast with jam for breakfast. 我早餐喜欢吃涂果酱的吐司。","听早餐对话判断吃了什么，或在阅读 breakfast food 列表中选 toast"
"16","cook","餐厅","/kʊk/","n. / v.","厨师；烹饪；煮","Cook 来自拉丁语 coquus，就是""厨师""的意思。做名词是 cook（厨师），做动词是 cook（做饭）——""厨师 cook 在 kitchen 里 cook""！和 cookie（饼干）是亲戚，都是厨房里的好词。","KET 核心词汇","听力 Part 2（职业/家庭场景）；阅读 Part 4（人物介绍）；写作 Part 6（描述家人）","cook dinner（做晚饭）；cook a meal（做饭）；good cook（好厨师）；learn to cook（学做饭）","cook（厨师/做饭）vs cooker（厨灶/炊具）——cook 是人或动作，cooker 是机器（英式英语）","My dad is a good cook. 我爸爸做饭很好吃。","听对话判断某人的 job 或 hobby，或在阅读人物介绍中选 cook"
"17","waiter","餐厅","/ˈweɪtə/（英）  /ˈweɪtər/（美）","n.","服务员（男）","Waiter = wait（等待）+ er（表示人）。在餐厅里，waiter 等着为你服务——""wait"" 加 ""er"" 就是""等着服务你的人""！男服务员叫 waiter，女服务员叫 waitress。","KET 核心词汇","听力 Part 2（餐厅点餐）；阅读 Part 3（职业/场所对话）","call the waiter（叫服务员）；friendly waiter（友好的服务员）；waiter service（餐桌服务）","waiter（男服务员）vs waitress（女服务员）——waiter 指男性，waitress 指女性","The waiter brought us the menu. 服务员给我们拿来了菜单。","听餐厅对话判断谁说话（顾客还是 waiter），或在阅读 restaurant scene 中理解角色"
"18","waitress","餐厅","/ˈweɪtrəs/","n.","女服务员","Waitress = waiter + ess（表示女性的后缀）。ess 像""女士""——waitress 就是""女服务员""。和 actor/actress 一样，成对记忆更轻松！","KET 核心词汇","听力 Part 2（餐厅场景）；阅读 Part 3（职业描述）","a young waitress（年轻的女服务员）；ask the waitress（问女服务员）；waitress in a café（咖啡馆女服务员）","waitress（女服务员）vs waiter（男服务员）——看词尾 -ess 表示女性","The waitress took our order. 女服务员记下了我们的点单。","听对话判断服务员性别或职业，或在阅读 café story 中识别 waitress"
"19","fridge","厨房用具","/frɪdʒ/","n.","冰箱","Fridge 是 refrigerator（冰箱）的缩写，人们觉得太长了就简化为 fridge。想象 fridge 里冷冰冰的——""fr-"" 像 cold（冷），""-idge"" 像 bridge（桥），冷气桥帮你保鲜食物！","KET 核心词汇","听力 Part 2（厨房/购物）；阅读 Part 3（家居描述）","in the fridge（在冰箱里）；put milk in the fridge（把牛奶放进冰箱）；fridge door（冰箱门）；empty the fridge（清空冰箱）","fridge（冰箱）vs freezer（冷冻室）——fridge 冷藏，freezer 冷冻（更冷）","Put the juice in the fridge. 把果汁放进冰箱。","听对话判断食物放哪里，或在阅读 kitchen description 中选 fridge"
"20","cupboard","厨房用具","/ˈkʌbəd/","n.","碗柜；橱柜","Cupboard = cup（杯子）+ board（板）。以前人们把 cup 放在 board（板子/架子上），就成了 cupboard！现在泛指放碗碟、食物的橱柜，cup 还在词里提醒你：这里放杯碗！","KET 核心词汇","听力 Part 2（找东西/厨房）；阅读 Part 3（家居布局）","kitchen cupboard（厨房碗柜）；in the cupboard（在柜子里）；cupboard door（柜门）；food cupboard（食物柜）","cupboard（橱柜）vs wardrobe（衣柜）——cupboard 在厨房放碗碟，wardrobe 在卧室放衣服","The plates are in the cupboard. 盘子在碗柜里。","听对话找物品位置，或在阅读描述 house 时理解 cupboard 在哪里"
"21","bottle","厨房用具","/ˈbɒtl/（英）  /ˈbɑːtl/（美）","n.","瓶子","Bottle 来自古法语，和 bot（桶）有关。想象 bottle 肚子圆圆的，像个小 bot（机器人）站着——""bottle"" 里藏着 ""bot""，装水装 juice 都靠它！","KET 核心词汇","听力 Part 2（购物/野餐）；阅读 Part 3（环保/回收话题）","a bottle of water（一瓶水）；plastic bottle（塑料瓶）；bottle opener（开瓶器）；empty bottle（空瓶子）","bottle（瓶子）vs can（罐头/罐）——bottle 是玻璃或塑料瓶装，can 是金属罐","Please recycle the plastic bottle. 请回收这个塑料瓶。","听购物对话判断容器类型，或在阅读 recycling 文章中选 bottle"
"22","cup","厨房用具","/kʌp/","n.","杯子","Cup 是英语里很古老的词，和""捧在手心""的形状有关——cup 圆圆的，正好 cup 在 hand（手）里！a cup of tea（一杯茶）是英国人最爱说的。","KET 核心词汇","听力 Part 2（喝茶/咖啡）；阅读 Part 3（餐具词汇）","a cup of tea（一杯茶）；coffee cup（咖啡杯）；paper cup（纸杯）；cup and saucer（杯碟）","cup（杯子，有柄）vs glass（玻璃杯）——cup 多指带柄的瓷杯，glass 指透明玻璃器皿","Would you like a cup of tea? 你想来杯茶吗？","听待客对话选饮品容器，或在阅读 table setting 描述中出现 cup"
"23","bowl","厨房用具","/bəʊl/","n.","碗","Bowl 来自古英语，形状像 ball（球）切一半——圆圆的 bowl 装 soup（汤）和 rice（饭）。bowl 和 ball 开头都是 b，都是圆圆的！","KET 核心词汇","听力 Part 2（用餐场景）；阅读 Part 3（厨房用品）","a bowl of soup（一碗汤）；rice bowl（饭碗）；mixing bowl（搅拌碗）；fruit bowl（水果碗）","bowl（碗）vs plate（盘子）——bowl 深、装汤饭，plate 浅、装菜","She ate a bowl of noodles. 她吃了一碗面。","听用餐对话判断餐具，或在阅读 recipe 中选 bowl 作为量词"
"24","can","厨房用具","/kæn/（名词罐头）  /kæn/（情态动词能）","n.","罐头；金属罐","Can 作名词指""罐头""，来自""装东西的金属容器""。a can of cola 就是一罐可乐。注意：can 也是""能""（I can swim），但这里学的是名词——听句子看是""能""还是""罐""！","KET 核心词汇","听力 Part 2（购物）；阅读 Part 3（食品包装）","a can of cola（一罐可乐）；tin can（锡罐）；open a can（开罐头）；canned food（罐头食品）","can（罐头）vs bottle（瓶）——can 是金属罐，bottle 是玻璃瓶/塑料瓶","He bought a can of beans. 他买了一罐豆子。","听购物清单选包装形式，或在阅读 supermarket 对话中区分 can 和 bottle"
"25","glass","厨房用具","/ɡlɑːs/（英）  /ɡlæs/（美）","n.","玻璃杯；玻璃","Glass 来自日耳曼语，意思是""闪亮透明的东西""。a glass of water 就是""一杯水""（用玻璃杯盛）。glass 既是材料""玻璃""，也是器皿""玻璃杯""——透明看得见，别摔哦！","KET 核心词汇","听力 Part 2（餐厅/家庭）；阅读 Part 3（餐具与安全）","a glass of juice（一杯果汁）；wine glass（酒杯）；glass bottle（玻璃瓶）；broken glass（碎玻璃）","glass（玻璃杯）vs cup（瓷杯）——glass 透明易碎，cup 常是不透明的陶瓷杯","Can I have a glass of water, please? 请给我一杯水好吗？","听点餐对话选容器，或在阅读中区分 a glass of 与 a cup of"
"26","plate","餐具","/pleɪt/","n.","盘子","Plate 来自拉丁语，原意是""扁平的东西""。想象一个圆盘子像一块""平（plate sounds like 平）""板，上面摆着香喷喷的饭菜——又平又圆，就是 plate！","KET 核心词汇","听力 Part 2（餐厅/家庭用餐场景）；阅读 Part 3（厨房用品描述）","a clean plate（一个干净的盘子）；on the plate（在盘子上）；empty plate（空盘子）；paper plate（纸盘）","plate（盘子）vs dish（碟子/菜）——plate 通常指装主餐的大圆盘，dish 可以指小碟，也可以指一道菜","Put the salad on your plate. 把沙拉放到你的盘子上。","听对话判断""桌上有什么餐具""，或在阅读中根据描述选出正确的厨房用品"
"27","dish","餐具","/dɪʃ/","n.","碟；菜","Dish 来自古英语，意思是""盘子""。它有两个意思：小碟子和一道菜。记住：dish 像""碟""——""的士""司机也爱吃一道好 dish（菜）！","KET 核心词汇","听力 Part 2（点餐/做菜）；阅读 Part 3（菜单/食谱）","wash the dishes（洗碗）；main dish（主菜）；a dish of fruit（一碟水果）；local dish（当地特色菜）","dish（碟/菜）vs plate（盘）——dish 可指""一道菜""（如 a Chinese dish），plate 主要指餐具","Fish is my favourite dish. 鱼是我最喜欢的一道菜。","听录音选""他们点了哪道菜""，或在菜单阅读题中判断 main dish 是什么"
"28","fork","餐具","/fɔːk/（英）  /fɔːrk/（美）","n.","叉子","Fork 原意是""分叉""，因为叉子头部像字母 Y 一样分开。吃饭用 fork 叉食物，路也有 fork（岔路口）——都是""分叉""的意思！","KET 核心词汇","听力 Part 2（餐厅/野餐场景）；阅读 Part 3（餐具列表）","knife and fork（刀叉）；a set of cutlery（一套餐具）；pick up with a fork（用叉子叉起来）；plastic fork（塑料叉）","fork（叉）vs spoon（勺）——fork 有尖齿用来叉固体食物，spoon 是圆勺用来舀","Can you pass me the fork, please? 请把叉子递给我好吗？","听对话判断""还需要什么餐具""，或在阅读表格中匹配餐具名称"
"29","knife","餐具","/naɪf/","n.","刀","Knife 里的 k 不发音！这是英语里的""沉默 k""——写的时候有 k，读的时候悄悄藏起来。记住口诀：""knife 的 k 像害羞的小孩，只写字不出声！""","KET 核心词汇","听力 Part 2（用餐/厨房场景）；阅读 Part 3（安全提示/餐具说明）","knife and fork（刀叉）；sharp knife（锋利的刀）；bread knife（面包刀）；use a knife（用刀）","knife（刀）vs fork（叉）——knife 是刀，k 不发音读 /naɪf/；fork 是叉子","Be careful with that knife. 用那把刀要小心。","拼写题考 knife 的 k 不发音；听力中判断""用什么切面包"""
"30","slice","餐具","/slaɪs/","n. / v.","一片；切片","Slice 来自古英语""切开""的意思。做名词是""一片""（a slice of bread），做动词是""切""（slice the cake）。想象用刀""唰""地一划，切出薄薄一片——slice！","KET 核心词汇","听力 Part 2（做三明治/分蛋糕）；阅读 Part 3（食谱步骤）","a slice of bread（一片面包）；a slice of pizza（一片披萨）；slice the cake（切蛋糕）；thin/thick slice（薄/厚片）","slice（片）vs piece（块/件）——slice 强调切出来的薄片，piece 泛指一块（a piece of cake）","I'd like a slice of cheese, please. 请给我来一片奶酪。","听录音选""要几片面包""，或在食谱阅读中排列切食物的正确步骤"
"31","hungry","用餐","/ˈhʌŋɡri/","adj.","饥饿的","Hungry 来自 hunger（饥饿）+ y（形容词尾巴）。肚子""咕咕""叫的时候，就是 hungry！它和 thirsty（口渴）是黄金搭档——一个管肚子，一个管嘴巴。","KET 核心词汇","听力 Part 2（点餐/野餐）；阅读 Part 3（日常对话）；写作 Part 6（描述感受）","feel hungry（觉得饿）；get hungry（饿了）；hungry for（渴望）；I'm hungry.（我饿了。）","hungry（饿）vs thirsty（渴）——hungry 是肚子饿想吃东西，thirsty 是嘴巴干想喝水","I'm hungry. Can we have lunch now? 我饿了。我们现在可以吃午饭吗？","听力中 hungry 和 thirsty 常一起出现，考""孩子想要什么""；阅读判断人物感受"
"32","thirsty","用餐","/ˈθɜːsti/（英）  /ˈθɜːrsti/（美）","adj.","口渴的","Thirsty 来自 thirst（口渴）+ y。th 要咬舌头发 /θ/，像轻轻吹风。跑步后嘴巴干干的——""I'm thirsty!"" 快喝水吧！和 hungry 配对记：饿了吃，渴了喝。","KET 核心词汇","听力 Part 2（运动后/炎热天气场景）；阅读 Part 3（日常对话）","feel thirsty（觉得渴）；get thirsty（渴了）；I'm thirsty.（我渴了。）；thirsty work（让人口渴的活）","thirsty（渴）vs hungry（饿）——thirsty 想喝水，hungry 想吃饭；thirty（三十）发音相近但意思完全不同","After running, I was very thirsty. 跑完步后，我非常口渴。","听对话判断""他们需要什么——食物还是饮料""，hungry/thirsty 是高频考点"
"33","jam","用餐","/dʒæm/","n.","果酱","Jam 做果酱讲时，来自""挤压水果""的意思——把水果 jam（挤）在一起做成酱。早餐涂 jam 在面包上，甜甜黏黏的。另：jam 还有""交通堵塞""的意思（traffic jam）！","KET 核心词汇","听力 Part 2（早餐/购物场景）；阅读 Part 3（食物清单）","strawberry jam（草莓酱）；bread and jam（面包加果酱）；a jar of jam（一罐果酱）；traffic jam（交通堵塞）","jam（果酱）vs juice（果汁）——jam 是稠稠的酱，juice 是流动的汁","I like bread with jam for breakfast. 我早餐喜欢吃涂果酱的面包。","听录音选""早餐涂了什么""，或在购物清单阅读中找出 jam"
"34","cafeteria","用餐","/ˌkæfəˈtɪəriə/（英）  /ˌkæfəˈtɪriə/（美）","n.","自助餐厅","Cafeteria 来自 cafe（咖啡馆）+ teria（场所）。在学校或公司里，自己拿托盘选食物的地方就是 cafeteria。记住：café + teria = 像 café 一样，但自己选餐！","KET 核心词汇","听力 Part 2（学校生活）；阅读 Part 4（校园场景描述）","school cafeteria（学校食堂）；eat in the cafeteria（在食堂吃饭）；cafeteria food（食堂饭菜）；cafeteria worker（食堂工作人员）","cafeteria（自助餐厅）vs restaurant（餐厅）——cafeteria 自己取餐，restaurant 通常有服务员点餐","We have lunch in the school cafeteria. 我们在学校食堂吃午饭。","听对话判断""在哪里吃饭""，或阅读描述学校设施时选出 cafeteria"
"35","meal","用餐","/miːl/","n.","一餐；饭","Meal 来自古英语""时间、场合""——到了吃饭时间就有一 meal（一餐）。breakfast、lunch、dinner 都是不同的 meal。记住：meal 像""米""——每一 meal 都要吃米/饭！","KET 核心词汇","听力 Part 2（家庭用餐）；阅读 Part 3（日常作息）；写作 Part 6（描述一天）","have a meal（吃一顿饭）；main meal（主餐）；cook a meal（做饭）；three meals a day（一日三餐）","meal（一餐）vs food（食物）——meal 强调一顿饭的时间，food 泛指所有吃的","Dinner is my favourite meal of the day. 晚餐是我一天中最喜欢的一餐。","听录音判断""哪一餐在讨论""，或阅读中选择 have a meal 的正确搭配"
"36","picnic","用餐","/ˈpɪknɪk/","n. / v.","野餐","Picnic 来自法语，原意是""每人带一点食物""。pic 像 picture（图画）——在公园草地上吃饭，就像一幅美丽的画！去 picnic 要带 blanket（毯子）和 basket（篮子）。","KET 核心词汇","听力 Part 2（周末计划/户外活动）；阅读 Part 4（邀请信/活动安排）","have a picnic（去野餐）；go on a picnic（去野餐）；picnic basket（野餐篮）；family picnic（家庭野餐）","picnic（野餐）vs party（派对）——picnic 在户外吃，party 多在室内庆祝","Let's have a picnic in the park this Sunday. 这周日我们去公园野餐吧。","听对话判断""周末活动是什么""，或阅读邀请信中找出 picnic 的时间地点"
"37","breakfast","用餐","/ˈbrekfəst/","n.","早餐","Breakfast = break（打破）+ fast（禁食）！晚上睡觉时不吃东西叫 fast（禁食），早上""打破""禁食的第一餐就是 breakfast——太有道理了！","KET 核心词汇","听力 Part 2（日常作息）；阅读 Part 3（时间表）；写作 Part 6（描述早晨）","have breakfast（吃早餐）；eat breakfast（吃早餐）；for breakfast（当早餐）；big breakfast（丰盛的早餐）","breakfast（早餐）vs lunch（午餐）vs dinner（晚餐）——按一天时间顺序记：breakfast → lunch → dinner","I usually have cereal for breakfast. 我早餐通常吃麦片。","听录音判断""几点吃早餐""或""早餐吃什么""，时间表阅读是高频场景"
"38","lunch","用餐","/lʌntʃ/","n.","午餐","Lunch 来自""一块面包""的古词，中午简单吃一点就是 lunch。记住顺序：太阳在头顶（中午）——lunch！和 brunch（早午餐 = breakfast + lunch）是亲戚。","KET 核心词汇","听力 Part 2（学校/工作场景）；阅读 Part 3（日常对话）","have lunch（吃午饭）；eat lunch（吃午饭）；school lunch（学校午餐）；lunch break（午休时间）","lunch（午餐）vs brunch（早午餐）——lunch 是中午，brunch 是早上偏晚的一餐","What do you want for lunch today? 今天午餐你想吃什么？","听对话选""lunch time 吃什么""，或阅读判断 school lunch 菜单内容"
"39","dinner","用餐","/ˈdɪnə/（英）  /ˈdɪnər/（美）","n.","晚餐；正餐","Dinner 来自""dine（用餐）""。在英式英语里 dinner 常指晚上那顿正餐；在美国有时也指午餐。记住：dinner 是一天里最重要、最丰盛的一 meal！","KET 核心词汇","听力 Part 2（家庭晚餐）；阅读 Part 3（日常对话）；写作 Part 6（描述家庭活动）","have dinner（吃晚餐）；eat dinner（吃晚餐）；cook dinner（做晚餐）；family dinner（家庭晚餐）","dinner（晚餐/正餐）vs supper（晚饭）——dinner 更正式，supper 更口语，意思相近","We have dinner together at six o'clock. 我们六点钟一起吃晚餐。","听录音判断""晚饭谁做饭""或""几点吃 dinner"""
"40","supper","用餐","/ˈsʌpə/（英）  /ˈsʌpər/（美）","n.","晚饭；夜宵","Supper 来自""sup（喝）+ er""——古代最后一顿常配汤喝。现在 supper 和 dinner 意思差不多，都指晚上那顿饭。supper 听起来更家常、更温馨。","KET 核心词汇","听力 Part 2（家庭场景）；阅读 Part 3（日常对话）","have supper（吃晚饭）；after supper（晚饭后）；light supper（简单的晚饭）；supper time（晚饭时间）","supper（晚饭）vs dinner（晚餐）——意思相近，supper 更口语、更轻；dinner 可指更正式的正餐","Mum is cooking supper for us. 妈妈正在给我们做晚饭。","阅读日常对话中判断""晚上吃什么""，supper 和 dinner 可能互换出现"
"41","snack","用餐","/snæk/","n.","零食；小吃","Snack 来自""咬一口""的意思——snack 不是正餐，是两餐之间""snack snack""快速咬几口的小食物。饼干、水果、酸奶都是 great snacks！","KET 核心词汇","听力 Part 2（学校/购物）；阅读 Part 3（健康饮食习惯）","have a snack（吃点零食）；snack time（零食时间）；healthy snack（健康零食）；snack bar（小吃店）","snack（零食）vs meal（正餐）——snack 量少、两餐之间吃，meal 是一顿完整的饭","I had a snack after school. 放学后我吃了点零食。","听对话判断""between meals 吃什么""，或阅读区分 healthy/unhealthy snacks"
"42","dessert","用餐","/dɪˈzɜːt/（英）  /dɪˈzɜːrt/（美）","n.","甜品；甜点","Dessert 有两个 s，像""甜甜的两次""！饭后吃的 dessert（甜品）和 desert（沙漠）只差一个 s：dessert 是甜的，desert 是干的沙漠。口诀：""甜品两个 s，沙漠一个 s！""","KET 核心词汇","听力 Part 2（餐厅点餐）；阅读 Part 3（菜单）；拼写题","have dessert（吃甜品）；for dessert（作为甜点）；dessert menu（甜点菜单）；ice cream for dessert（甜点吃冰淇淋）","dessert（甜品，两个 s）vs desert（沙漠，一个 s）——dessert 读 /dɪˈzɜːt/，desert 读 /ˈdezət/（名词）","We had ice cream for dessert. 我们甜点吃了冰淇淋。","拼写题高频考点：dessert vs desert；听力选""饭后吃什么"""
"43","salad","食物","/ˈsæləd/","n.","沙拉","Salad 来自拉丁语""盐""——古代用盐水拌蔬菜。现在 salad 是生蔬菜加酱料的冷盘。记住：salad 里有 salt（盐）的亲戚，健康又清爽！","KET 核心词汇","听力 Part 2（点餐/健康饮食）；阅读 Part 3（菜单/食谱）","green salad（蔬菜沙拉）；fruit salad（水果沙拉）；chicken salad（鸡肉沙拉）；make a salad（做沙拉）","salad（沙拉）vs soup（汤）——salad 是冷的、生的蔬菜，soup 是热汤","I'd like a salad with my lunch, please. 请给我午餐配一份沙拉。","听对话选""主菜还是配菜""，或在菜单阅读中判断 salad 里有什么"
"44","soup","食物","/suːp/","n.","汤","Soup 来自德语""喝""的意思——汤就是要用 spoon（勺子）喝！soup 和 super（超级）发音有点像：超级热的一碗 soup，暖到心里！","KET 核心词汇","听力 Part 2（餐厅/生病照顾场景）；阅读 Part 3（菜单）","a bowl of soup（一碗汤）；chicken soup（鸡汤）；tomato soup（番茄汤）；hot soup（热汤）","soup（汤）vs soap（肥皂）——soup 是喝的，soap 是洗手的；拼写差一个字母","This soup is very hot. Be careful! 这汤很烫，小心！","听录音选""点了哪种 soup""，或阅读判断 a bowl of soup 的搭配"
"45","omelette","食物","/ˈɒmlət/（英）  /ˈɑːmlət/（美）","n.","煎蛋卷； omelet（美式拼写）","Omelette 来自法语，拼写有点难！记住拆分法：ome + let + te——""哦，让我（let）特（te）地做一个蛋卷！"" 英式拼写末尾是 -ette，美式常写 omelet。","KET 核心词汇","听力 Part 2（早餐/餐厅）；阅读 Part 3（菜单/食谱）","cheese omelette（奶酪蛋卷）；make an omelette（做蛋卷）；ham omelette（火腿蛋卷）；a plain omelette（普通蛋卷）","omelette（蛋卷）vs egg（鸡蛋）——omelette 是用鸡蛋煎成的卷，egg 是原材料","I'd like a cheese omelette for breakfast. 我早餐想要一个奶酪蛋卷。","菜单阅读题考 omelette 拼写；听力判断""早餐点了什么"""
"46","pasta","食物","/ˈpæstə/","n.","意大利面；面食","Pasta 来自意大利语""面团""的意思。意大利人把面团做成各种形状——长条、螺旋、蝴蝶形，都叫 pasta！记住：pasta 和 paste（浆糊）是亲戚，都是面团做的。","KET 核心词汇","听力 Part 2（餐厅/做饭）；阅读 Part 3（菜单/各国美食）","cook pasta（煮意大利面）；pasta with sauce（配酱的意面）；fresh pasta（新鲜意面）；a plate of pasta（一盘意面）","pasta（意面）vs noodle（面条）——pasta 是意大利风格，noodle 常指亚洲面条","We had pasta for dinner last night. 我们昨晚晚餐吃了意大利面。","听对话判断""晚餐吃什么""，或在各国美食阅读中识别 pasta"
"47","cereal","食物","/ˈsɪəriəl/","n.","麦片；谷物","Cereal 来自罗马谷物女神 Ceres 的名字。早餐倒一碗 cereal，加牛奶，""咔嚓咔嚓""脆脆响！cereal 也是""谷物""的总称——小麦、玉米、燕麦都算 cereal。","KET 核心词汇","听力 Part 2（早餐场景）；阅读 Part 3（购物清单/健康饮食）","eat cereal（吃麦片）；a bowl of cereal（一碗麦片）；breakfast cereal（早餐麦片）；cereal with milk（麦片配牛奶）","cereal（麦片）vs serial（连续的）——cereal 是食物，serial 是形容词""系列的""，发音相同但拼写不同","I have cereal and milk every morning. 我每天早上吃麦片配牛奶。","听录音选""早餐吃什么""，或拼写题区分 cereal vs serial"
"48","rice","食物","/raɪs/","n.","米饭；大米","Rice 来自亚洲语言，中国和日本都吃 rice！rice 读起来像""赖斯""——米饭赖在盘子里不肯走，因为太好吃了！中国人说""吃饭""很多时候就是吃 rice。","KET 核心词汇","听力 Part 2（点餐/各国美食）；阅读 Part 3（菜单/饮食习惯）","a bowl of rice（一碗米饭）；fried rice（炒饭）；cook rice（煮饭）；rice and vegetables（米饭配蔬菜）","rice（米饭）vs rise（上升）——rice 是食物 /raɪs/，rise 是动词""升起""","We eat rice with our meals in China. 在中国，我们吃饭时配米饭。","听对话判断""主食是什么""，或在各国饮食阅读中识别 rice"
"49","meat","食物","/miːt/","n.","肉","Meat 古义是""任何食物""，现在专指""肉""。meat 和 meet（见面）发音一样——""meet""朋友一起吃 meat（肉）！牛肉 beef、猪肉 pork 都是 meat。","KET 核心词汇","听力 Part 2（点餐/购物）；阅读 Part 3（菜单/饮食习惯）","eat meat（吃肉）；a piece of meat（一块肉）；meat and vegetables（肉配蔬菜）；don't eat meat（不吃肉）","meat（肉）vs meet（见面）——同音不同义；meat（肉）vs fish（鱼）——fish 不算 meat 里的 red meat","Do you eat meat or are you vegetarian? 你吃肉还是素食？","听录音判断""点了什么主菜""，或阅读区分 meat eater / vegetarian"
"50","fish","食物","/fɪʃ/","n. / v.","鱼；钓鱼","Fish 是英语最古老的词之一！做名词是""鱼""，做动词是""钓鱼""（go fishing）。一条鱼是 a fish，两条还是 fish（不是 fishes）——fish 的单复数常常一样！","KET 核心词汇","听力 Part 2（点餐/宠物/爱好）；阅读 Part 3（菜单/动物话题）","eat fish（吃鱼）；go fishing（去钓鱼）；a piece of fish（一块鱼肉）；fish and chips（炸鱼薯条）","fish（鱼/鱼肉）vs meat（肉）——fish 来自水里，meat 通常指陆地动物的肉","I'd like the fish, please. 请给我来一份鱼。","听对话选""主菜是 fish 还是 meat""，或阅读判断 fish and chips 是哪个国家的食物"
"51","chicken","熟食","/ˈtʃɪkɪn/","n.","鸡肉；鸡","Chicken 来自古英语，和小鸡""叽叽""叫的声音有关！它有两个意思：活的""鸡""和餐桌上的""鸡肉""。记住：chick 是小鸡，加上 -en 就变成 chicken——从毛茸茸的小鸡到香喷喷的鸡腿！","KET 核心词汇","听力 Part 2（餐厅点餐/超市购物）；阅读 Part 3（菜单/食谱）","fried chicken（炸鸡）；chicken soup（鸡汤）；chicken and rice（鸡肉饭）；roast chicken（烤鸡）","chicken（鸡肉/鸡）vs hen（母鸡）——chicken 泛指鸡和鸡肉，hen 专指成年母鸡","I'd like some chicken for lunch. 我午餐想吃点鸡肉。","听对话选""点了什么主菜""，或在菜单阅读中判断哪道菜含 chicken"
"52","sandwich","熟食","/ˈsænwɪtʃ/（英）  /ˈsænwɪtʃ/（美）","n.","三明治","传说 18 世纪英国有位 Sandwich 伯爵，他打牌时太专心，不想离开牌桌吃饭，就让仆人把肉夹在两片面包中间，方便一手拿着吃。朋友们笑说：""这就是 Sandwich 伯爵的三明治！""从此 sandwich 这个名字就传遍了全世界！","KET 核心词汇","听力 Part 2（午餐/野餐场景）；阅读 Part 3（学校食堂菜单）","a cheese sandwich（奶酪三明治）；make a sandwich（做三明治）；ham sandwich（火腿三明治）；chicken sandwich（鸡肉三明治）","sandwich（三明治）vs burger（汉堡）——sandwich 用两片面包夹馅，burger 通常是圆面包夹肉饼","I had a sandwich for lunch today. 我今天午餐吃了一个三明治。","听录音判断""午餐吃了什么""，或在阅读菜单中选出 sandwich 的配料"
"53","biscuit","熟食","/ˈbɪskɪt/（英）  /ˈbɪskɪt/（美）","n.","饼干（英）；小圆面包（美）","Biscuit 来自法语，意思是""烤两次""——古代饼干要烤两遍才又脆又耐存。在英式英语里 biscuit 就是我们吃的""饼干""；在美式英语里却指""小圆面包""！记住：英国人喝茶配 biscuit，美国人早餐吃 biscuit。","KET 核心词汇","听力 Part 2（下午茶/零食场景）；阅读 Part 3（英式生活描述）","a packet of biscuits（一包饼干）；chocolate biscuit（巧克力饼干）；biscuit and tea（饼干配茶）；digestive biscuit（消化饼干）","biscuit（英=饼干）vs cookie（美=曲奇饼干）——KET 偏英式，biscuit 指普通硬饼干；cookie 通常更软、更大","Would you like a biscuit with your tea? 你要不要来块饼干配茶？","听英式对话选""配茶的小点心""，或在阅读中区分 biscuit 和 cookie 的用法"
"54","chip","熟食","/tʃɪp/","n.","薯条（英）；薯片（美）","Chip 原意是""碎片、小片""。同一个词，英国人想到 fish and chips（炸鱼薯条）里的粗薯条，美国人想到袋装的 potato chips（薯片）！记住口诀：英国 chip 是""条""，美国 chip 是""片""——看你在哪个国家吃！","KET 核心词汇","听力 Part 2（快餐/英式小吃）；阅读 Part 3（英美文化差异）","fish and chips（炸鱼薯条，英）；potato chips（薯片，美）；a bag of chips（一袋薯片/薯条）；crisps（英式""薯片""）","chip（英=薯条）vs crisp（英=薯片）——在英国说 chips 是粗薯条，crisps 才是袋装薯片；美国用 chips 指薯片","In Britain, people love fish and chips. 在英国，人们最爱炸鱼薯条。","阅读题考英美差异：fish and chips 里的 chips 是薯条不是薯片"
"55","burger","熟食","/ˈbɜːɡə/（英）  /ˈbɜːrɡər/（美）","n.","汉堡","Burger 是 hamburger 的缩写，来自德国汉堡市（Hamburg）！最早是""汉堡肉饼""，后来夹进圆面包里，就成了我们熟悉的汉堡包。记住：burg 像""堡""，er 像""儿""——汉堡儿，burger！","KET 核心词汇","听力 Part 2（快餐店点餐）；阅读 Part 3（菜单/广告）","cheeseburger（奶酪汉堡）；chicken burger（鸡肉汉堡）；burger and fries（汉堡配薯条）；fast-food burger（快餐汉堡）","burger（汉堡）vs sandwich（三明治）——burger 用圆面包夹肉饼，sandwich 用切片面包夹各种馅料","Can I have a cheeseburger, please? 请给我一个奶酪汉堡好吗？","听快餐店对话选""点了哪种 burger""，或在菜单阅读中匹配价格和名称"
"56","sausage","熟食","/ˈsɒsɪdʒ/（英）  /ˈsɔːsɪdʒ/（美）","n.","香肠","Sausage 来自拉丁语""用盐保存的肉""。古代人们把碎肉塞进肠衣里，加盐腌制，就成了香肠。英式早餐里常出现 sausage——想象一根红彤彤的""索（sau）""引你""食（sage）""的肉肠！","KET 核心词汇","听力 Part 2（英式早餐/烧烤场景）；阅读 Part 3（食谱/菜单）","pork sausage（猪肉香肠）；sausage and eggs（香肠配鸡蛋）；grilled sausage（烤香肠）；a sausage roll（香肠卷）","sausage（香肠）vs hot dog（热狗）——sausage 是香肠本身，hot dog 是香肠夹在长面包里","We had sausages for breakfast. 我们早餐吃了香肠。","听录音判断""英式早餐有什么""，或在阅读食谱中选出含 sausage 的菜品"
"57","steak","熟食","/steɪk/","n.","牛排；肉排","Steak 来自古北欧语，意思是""大块烤肉""。字母组合 ea 读 /eɪ/，和 break、great 一样。想象一块厚厚实实的肉""steak""在铁板上滋滋作响——又香又贵的大肉排！","PET 核心词汇","听力 Part 2（餐厅点餐）；阅读 Part 3（菜单/高档餐厅描述）","beef steak（牛排）；grilled steak（烤牛排）；steak and chips（牛排配薯条）；well-done steak（全熟牛排）","steak（牛排）vs stick（棍子）——steak 是食物读 /steɪk/，stick 是木棍读 /stɪk/，拼写差一个 e","My dad ordered a steak at the restaurant. 我爸爸在餐厅点了一份牛排。","听餐厅对话判断""主菜是什么""，或在阅读菜单中匹配 steak 的烹饪方式"
"58","ice cream","熟食","/ˌaɪs ˈkriːm/","n.","冰淇淋","Ice cream 是两个词组成的复合词：ice（冰）+ cream（奶油）= 冰奶油！古代人们把奶油和冰混在一起，就发明了冰淇淋。记住：写的时候要写两个词 ice cream，中间有空格，不能写成 icecream！","KET 核心词汇","听力 Part 2（甜品/夏天活动）；阅读 Part 3（派对/野餐描述）","a bowl of ice cream（一碗冰淇淋）；chocolate ice cream（巧克力冰淇淋）；ice cream cone（甜筒）；vanilla ice cream（香草冰淇淋）","ice cream（冰淇淋，两词）vs ice-cream（作定语时可加连字符，如 ice-cream shop）——名词通常写 ice cream 两个词","I'd like a chocolate ice cream, please. 请给我一个巧克力冰淇淋。","拼写题考 ice cream 是两个词；听力中选""派对上供应什么甜品"""
"59","main","熟食","/meɪn/","adj. / n.","主要的；主菜","Main 来自拉丁语 magnus（大的），和 many（许多）、mayor（市长）是亲戚！在餐厅里，main course 就是""主菜""——最重要、最大份的那道菜。记住：main 像""门""——进门第一眼看的就是 main dish（主菜）！","KET 核心词汇","听力 Part 2（餐厅点餐）；阅读 Part 3（菜单分类：starter / main / dessert）","main course（主菜）；main dish（主菜）；main meal（正餐）；the main reason（主要原因）","main course（主菜）vs starter（前菜）——starter 是开胃前菜，main course 是正餐主菜，dessert 是甜品","For my main course, I'll have the chicken. 主菜我要鸡肉。","阅读菜单题：区分 starter、main course 和 dessert 分别是什么"
"60","butter","熟食","/ˈbʌtə/（英）  /ˈbʌtər/（美）","n.","黄油","Butter 来自古英语，和拉丁语""牛""有关——黄油是用牛奶做的！想象早餐面包上涂一层黄黄的 butter，""butter""读起来像""巴特""——巴特最爱在面包上抹黄油！","KET 核心词汇","听力 Part 2（购物清单/做面包）；阅读 Part 3（食谱配料）","bread and butter（面包黄油）；a piece of butter（一块黄油）；peanut butter（花生酱）；melted butter（融化的黄油）","butter（黄油）vs batter（面糊）——butter 是黄色涂抹酱，batter 是做蛋糕用的稀面糊","Spread some butter on the bread. 在面包上涂一些黄油。","听购物对话判断""还需要买什么""，或在食谱阅读中选出所需配料"
"61","oil","熟食","/ɔɪl/","n.","油","Oil 来自拉丁语 oleum（油），和 olive（橄榄）是亲戚——橄榄油就是 olive oil！做饭用的 cooking oil 滑溜溜的，字母 o 和 i 连在一起读 /ɔɪ/，像""哦咦""——哦，油好滑！","KET 核心词汇","听力 Part 2（厨房/做菜场景）；阅读 Part 3（食谱/健康建议）","cooking oil（食用油）；olive oil（橄榄油）；vegetable oil（植物油）；a little oil（一点油）","oil（油）vs boil（沸腾）——oil 是名词""油""，boil 是动词""煮沸""，拼写不同","Add a little oil to the pan. 往锅里加一点点油。","阅读食谱题：判断做菜第一步是否""加油加热"""
"62","candy","熟食","/ˈkændi/","n.","糖果（美式）","Candy 来自阿拉伯语 qandi（糖），和 sugar 一样都和""甜""有关！在美国，candy 指各种糖果；在英国，人们更常说 sweet 或 sweets。记住：candy 像""看弟""——看，弟弟在吃 candy（糖果）！","KET 核心词汇","听力 Part 2（购物/派对）；阅读 Part 3（美式生活/万圣节场景）","candy bar（糖果棒）；a bag of candy（一袋糖果）；candy shop（糖果店）；Halloween candy（万圣节糖果）","candy（美式糖果）vs sweet（英式糖果）——美国说 candy，英国说 sweets；candy 不可数，a piece of candy 表一颗","The children got lots of candy at the party. 孩子们在派对上得到了很多糖果。","阅读美式文本时，candy 指糖果；注意与 sweet/sweets 的英式用法区别"
"63","cheese","熟食","/tʃiːz/","n.","奶酪","Cheese 来自拉丁语 caseus（奶酪）。拍照时人们喊""Cheese!""因为发音时嘴角上扬像在笑！奶酪 cheese 黄黄的、香香的，和 cheeseburger（奶酪汉堡）、cheese sandwich（奶酪三明治）是绝配。","KET 核心词汇","听力 Part 2（做三明治/披萨）；阅读 Part 3（购物清单/菜单）","a piece of cheese（一块奶酪）；cheese sandwich（奶酪三明治）；grated cheese（碎奶酪）；cheese pizza（奶酪披萨）","cheese（奶酪）vs butter（黄油）——cheese 是固体发酵乳制品，butter 是牛奶提炼的涂抹脂","I like cheese on my pizza. 我喜欢披萨上加奶酪。","听对话判断""三明治里加了什么""，或在购物清单阅读中勾选 cheese"
"64","grape","调味","/ɡreɪp/","n.","葡萄","Grape 来自古法语，和""钩""有关——古代用带钩的工具摘葡萄。一串 grape 圆滚滚、紫莹莹，grape 读起来像""格雷普""——格雷普最爱吃 grape（葡萄）！","KET 核心词汇","听力 Part 2（水果/健康饮食）；阅读 Part 3（水果描述/购物）","a bunch of grapes（一串葡萄）；grape juice（葡萄汁）；green grapes（青葡萄）；red grapes（红葡萄）","grape（葡萄）vs grapefruit（柚子）——grape 是小圆葡萄，grapefruit 是大个的柚子，完全不同","She ate a bunch of grapes after school. 她放学后吃了一串葡萄。","听录音选""喜欢哪种水果""，或在阅读中区分 grape 和 grapefruit"
"65","chilli","调味","/ˈtʃɪli/（英）  /ˈtʃɪli/（美）","n.","辣椒","Chilli 来自墨西哥土著语言 Nahuatl 的 chilli，意思是""辣椒""！英国人拼 chilli（双 l），美国人常拼 chili（单 l）。吃一口 chilli，嘴巴""嘶嘶""冒火——chilli 就是让你又爽又辣的小红果！","PET 核心词汇","听力 Part 2（做菜/点餐）；阅读 Part 3（食谱/各国美食）","hot chilli（辣辣椒）；chilli pepper（辣椒）；add some chilli（加点辣椒）；chilli sauce（辣椒酱）","chilli（辣椒）vs pepper（甜椒/胡椒）——chilli 通常指辣的辣椒，pepper 可指甜椒或胡椒粉","This curry is too hot — there's too much chilli! 这咖喱太辣了——辣椒放太多了！","阅读食谱判断""什么让菜变辣""，或在菜单描述中识别 spicy / chilli"
"66","curry","调味","/ˈkʌri/","n.","咖喱","Curry 来自泰米尔语 kari，意思是""酱""。印度厨师把各种香料混在一起煮成浓浓的 curry，香飘万里！记住：curry 读起来像""咖哩""——咖哩饭就是 curry with rice！","PET 核心词汇","听力 Part 2（各国餐厅点餐）；阅读 Part 3（印度/泰国美食介绍）","chicken curry（咖喱鸡）；curry and rice（咖喱配饭）；curry powder（咖喱粉）；vegetable curry（蔬菜咖喱）","curry（咖喱菜）vs curry powder（咖喱粉）——curry 是一道菜或酱，curry powder 是调味料粉末","We had chicken curry for dinner. 我们晚餐吃了咖喱鸡。","听餐厅对话判断""点了哪国菜""，或在阅读中匹配 curry 的配料"
"67","pepper","调味","/ˈpepə/（英）  /ˈpepər/（美）","n.","胡椒；甜椒","Pepper 有两个常见意思：黑胡椒粉（black pepper）和彩甜椒（red/green pepper）！它来自拉丁语 piper（胡椒）。想象""pépè（爷爷）""在厨房撒 pepper——既可能是胡椒粉，也可能是红甜椒！","KET 核心词汇","听力 Part 2（做菜/调味）；阅读 Part 3（食谱/购物清单）","black pepper（黑胡椒）；salt and pepper（盐和胡椒）；red pepper（红椒）；pepper shaker（胡椒瓶）","pepper（甜椒/胡椒）vs chilli（辣椒）——pepper 的甜椒不辣，chilli 才辣；black pepper 是粉末调料","Can you pass the salt and pepper, please? 请把盐和胡椒递给我好吗？","阅读食谱选""需要什么调料""，或听对话判断""要 salt 还是 pepper"""
"68","salt","调味","/sɔːlt/（英）  /sɔːlt/（美）","n.","盐","Salt 来自古英语 sealt，和人类历史一样古老——古代盐非常珍贵！salt 和 sweet（甜）正好相反：一个咸，一个甜。记住：salt 像""索特""——索特在汤里加了一勺 salt（盐）！","KET 核心词汇","听力 Part 2（厨房/做菜）；阅读 Part 3（食谱/健康建议）","salt and pepper（盐和胡椒）；a pinch of salt（一撮盐）；too much salt（盐太多）；sea salt（海盐）","salt（盐）vs sugar（糖）——salt 咸咸的调味品，sugar 甜甜的；两者都是白色颗粒但味道相反","Add a little salt to the soup. 往汤里加一点点盐。","阅读健康文章判断""哪种食物含 salt 太多""，或食谱题选正确调料"
"69","sauce","调味","/sɔːs/","n.","酱；酱汁","Sauce 来自拉丁语 salsus（加盐的），和 salt（盐）是亲戚！酱汁就是加了各种调料的""液体美味""。tomato sauce（番茄酱）、soy sauce（酱油）——sauce 就是让食物更好吃的""魔法液体""！","KET 核心词汇","听力 Part 2（餐厅/做菜）；阅读 Part 3（菜单/食谱）","tomato sauce（番茄酱）；soy sauce（酱油）；pasta sauce（意面酱）；hot sauce（辣酱）","sauce（酱）vs source（来源）——sauce 是食物酱汁读 /sɔːs/，source 是""来源""读 /sɔːs/ 但拼写不同","I like pasta with tomato sauce. 我喜欢番茄酱意面。","听对话判断""意面配什么酱""，或在菜单阅读中识别不同 sauce 名称"
"70","sugar","调味","/ˈʃʊɡə/（英）  /ˈʃʊɡər/（美）","n.","糖","Sugar 来自阿拉伯语 sukkar，通过贸易路线传到欧洲。sugar 和 sweet（甜）是好搭档——加了 sugar 的东西就变 sweet 了！记住：sugar 开头 sh 读 /ʃ/，像""书格""——书格里的 sugar 甜丝丝！","KET 核心词汇","听力 Part 2（做饮料/烘焙）；阅读 Part 3（健康/食谱）","a spoon of sugar（一勺糖）；too much sugar（糖太多）；sugar and milk（糖和牛奶）；brown sugar（红糖）","sugar（糖）vs salt（盐）——sugar 甜，salt 咸；做蛋糕用 sugar，做菜调味用 salt","Do you take sugar in your tea? 你喝茶加糖吗？","听对话判断""咖啡里加什么""，或阅读健康文章判断""sugar 摄入是否过多"""
"71","sweet","蔬菜水果","/swiːt/","adj. / n.","甜的；糖果（英式）","Sweet 来自古英语 swete（甜的），和 sugar 一样都和""甜""有关！它有两个身份：形容词""甜的""（sweet cake 甜蛋糕）和英式名词""糖果""（a bag of sweets 一袋糖果）。记住：sweet 既是味道，也是英国小朋友最爱的零食！","KET 核心词汇","听力 Part 2（描述味道/购物）；阅读 Part 3（英式生活/派对）","sweet food（甜食）；too sweet（太甜）；a bag of sweets（一袋糖果，英式）；sweet tooth（爱吃甜食）","sweet（英式糖果，复数 sweets）vs candy（美式糖果）——英国说 sweets，美国说 candy；sweet 作形容词=甜的","This cake is very sweet. 这蛋糕很甜。 / The shop sells sweets and chocolate. 这家店卖糖果和巧克力。","词性转换题：sweet 作形容词还是名词；阅读英式文本中 sweets 指""糖果""不是""甜的"""
"72","vegetable","蔬菜水果","/ˈvedʒtəbl/（英）  /ˈvedʒtəbl/（美）","n.","蔬菜","Vegetable 来自拉丁语 vegetare（生长），和""植物""有关！蔬菜就是可以吃的植物部分。拼写很长，可以拆成 vege（像 veggie 素食）+ table（桌子）——餐桌上的 vege 就是 vegetable（蔬菜）！","KET 核心词汇","听力 Part 2（健康饮食/购物）；阅读 Part 3（营养/食谱）","fresh vegetables（新鲜蔬菜）；eat more vegetables（多吃蔬菜）；vegetable soup（蔬菜汤）；green vegetables（绿色蔬菜）","vegetable（蔬菜）vs fruit（水果）——vegetable 是菜（如 carrot、onion），fruit 是水果（如 apple、grape）","You should eat five portions of fruit and vegetables a day. 你每天吃五份水果和蔬菜。","阅读健康建议题：判断哪些是 vegetables；听力购物清单勾选蔬菜类"
"73","carrot","蔬菜水果","/ˈkærət/","n.","胡萝卜","Carrot 来自希腊语 karōton（胡萝卜）。胡萝卜是橙色的，兔子最爱吃！carrot 读起来像""凯瑞特""——凯瑞特喂兔子一根 carrot。注意拼写：中间是 double r（两个 r）！","KET 核心词汇","听力 Part 2（购物/做沙拉）；阅读 Part 3（蔬菜列表/食谱）","a fresh carrot（一根新鲜胡萝卜）；carrot soup（胡萝卜汤）；grated carrot（胡萝卜丝）；carrot and stick（胡萝卜加大棒，引申义）","carrot（胡萝卜）vs parrot（鹦鹉）——carrot 是橙色蔬菜，parrot 是会说话的鸟，拼写差一个 p","Rabbits love eating carrots. 兔子最爱吃胡萝卜。","拼写题考 carrot 的双 r；阅读蔬菜分类题判断 carrot 属于 vegetable"
"74","onion","蔬菜水果","/ˈʌnjən/","n.","洋葱","Onion 来自拉丁语 unio（单一），因为洋葱是圆圆的""一个整体""。切 onion 时常常会流眼泪！记住：onion 读起来像""阿尼恩""——阿尼恩切 onion 时眼泪哗哗流！","KET 核心词汇","听力 Part 2（做菜/购物）；阅读 Part 3（食谱/厨房场景）","chop an onion（切洋葱）；fried onion（炒洋葱）；onion soup（洋葱汤）；a large onion（一个大洋葱）","onion（洋葱）vs union（联盟）——onion 是蔬菜，union 是""联合/联盟""，发音相近但意思完全不同","Chop the onion before you cook the meat. 做肉之前先把洋葱切好。","听做菜步骤排序：何时 chop the onion；阅读食谱勾选所需蔬菜"
"75","potato","蔬菜水果","/pəˈteɪtəʊ/（英）  /pəˈteɪtoʊ/（美）","n.","土豆","Potato 来自西班牙语 patata，原产于南美洲。它是高频词也是拼写陷阱：复数要加 -es 变成 potatoes（不是 potatos）！因为以 o 结尾的某些词复数加 -es。记住：一个 potato，两个 potatoes——o 后面跟 es！","KET 核心词汇","听力 Part 2（做菜/购物）；阅读 Part 3（拼写/食谱）","mashed potato（土豆泥）；baked potato（烤土豆）；potato chips（美式薯片）；a bag of potatoes（一袋土豆）","potato（土豆，复数 potatoes）vs tomato（番茄，复数 tomatoes）——两者复数都加 -es，是 KET 常考拼写点","We need three potatoes for the soup. 我们做汤需要三个土豆。","拼写题考 potatoes 复数加 -es；听力购物场景判断""买了几个 potato"""
"76","tomato","蔬菜水果","/təˈmɑːtəʊ/（英）  /təˈmeɪtoʊ/（美）","n.","番茄；西红柿","Tomato 来自西班牙语，原意是""大李子""。英国人读""特-马-头""，美国人读""特-梅-头""，发音差很多！复数要加 -es 变成 tomatoes，因为以 o 结尾的单词很多都这样——potato → potatoes，hero → heroes。","KET 核心词汇","听力 Part 2（超市购物/做菜）；阅读 Part 3（食谱/菜单）","tomato soup（番茄汤）；cherry tomato（小番茄）；tomato sauce（番茄酱）；fresh tomatoes（新鲜番茄）","tomato（番茄）vs potato（土豆）——tomato 是红的做沙拉，potato 是土豆做薯条；复数都是加 -es","I put two tomatoes in the salad. 我在沙拉里放了两个番茄。","听购物对话选""买了什么蔬菜""，或阅读食谱判断需要几个 tomatoes"
"77","mushroom","蔬菜水果","/ˈmʌʃruːm/（英）  /ˈmʊʃruːm/（美）","n.","蘑菇","Mushroom 可以拆成 mush + room——""蘑菇的小房间""！蘑菇像一把小伞，躲在阴湿的地方，就像住在自己的小房间里。Mush 还有""软软糊糊""的意思，刚采的蘑菇摸起来软软的，很好记！","KET 核心词汇","听力 Part 2（做饭/野餐）；阅读 Part 3（食物描述/森林场景）","fried mushrooms（炒蘑菇）；mushroom soup（蘑菇汤）；pick mushrooms（采蘑菇）；a slice of mushroom（一片蘑菇）","mushroom（蘑菇）vs room（房间）——mushroom 是食物，room 是房间；记住 mush+room 只是拆分记忆法","We had mushroom pizza for dinner. 我们晚餐吃了蘑菇披萨。","听对话选""披萨上有什么配料""，或在阅读野餐文章中找出含 mushroom 的菜品"
"78","fruit","蔬菜水果","/fruːt/","n.","水果","Fruit 和 friend 开头都是 fr，可以联想：朋友（friend）请你吃新鲜水果（fruit）！作""水果""总称时通常不可数，说 some fruit 不说 a fruit（表种类时可以说 an apple is a fruit）。","KET 核心词汇","听力 Part 2（健康饮食/购物）；阅读 Part 3（营养建议/市场描述）","fresh fruit（新鲜水果）；fruit juice（果汁）；eat more fruit（多吃水果）；a piece of fruit（一份水果）","fruit（水果，总称常不可数）vs vegetable（蔬菜）——fruit 是甜的、有籽的，vegetable 是蔬菜类","You should eat fruit every day. 你应该每天吃水果。","阅读健康建议题判断""每天该吃什么""，或听力中选""买了什么健康食品"""
"79","melon","蔬菜水果","/ˈmelən/","n.","甜瓜；瓜","Melon 来自希腊语，意思是""苹果大小的瓜""。夏天切开 melon，里面是红红或黄黄的，又甜又多汁！Watermelon（西瓜）= water + melon，就是""水分超多的瓜""。","KET 核心词汇","听力 Part 2（夏日野餐/水果店）；阅读 Part 3（季节食物描述）","watermelon（西瓜）；a slice of melon（一片甜瓜）；sweet melon（甜瓜）；melon juice（甜瓜汁）","melon（甜瓜/瓜）vs lemon（柠檬）——melon 是大圆的甜瓜，lemon 是小酸柠檬","This melon is very sweet and juicy. 这个甜瓜又甜又多汁。","听野餐对话选""带了什么水果""，或在阅读中区分 melon 和 lemon"
"80","garlic","蔬菜水果","/ˈɡɑːlɪk/（英）  /ˈɡɑːrlɪk/（美）","n.","大蒜；蒜","Garlic 来自古英语，gar 是""矛""，lic 是""菜""——蒜瓣尖尖的，像一把小矛！做菜时加 garlic 特别香，但口气也会很重。记住：gar 像""嘎""，lic 像""力克""——嘎力克，大蒜力克细菌！","KET 核心词汇","听力 Part 2（做菜/餐厅）；阅读 Part 3（食谱/意大利菜描述）","a clove of garlic（一瓣蒜）；garlic bread（蒜香面包）；add some garlic（加点蒜）；garlic sauce（蒜蓉酱）","garlic（大蒜）vs onion（洋葱）——garlic 瓣小、味冲，onion 是大圆的、切了会流泪","Add two cloves of garlic to the soup. 往汤里加两瓣蒜。","阅读食谱题选""需要什么调料""，或听力中判断""做菜加了什么"""
"81","aunt","家庭成员","/ɑːnt/（英）  /ænt/（美）","n.","阿姨；姑妈；舅妈；姨妈","Aunt 是爸爸妈妈的姐妹，或者叔叔舅舅的妻子。英国人读""昂特""（/ɑːnt/），美国人读""安特""（/ænt/），和 ant（蚂蚁）美式发音一样！可以联想：阿姨（aunt）和蚂蚁（ant）在美国人嘴里听起来一样——但 aunt 是大写、指人哦！","KET 核心词汇","听力 Part 2（家庭介绍/拜访亲戚）；阅读 Part 3（家庭树/人物关系）","my aunt（我的阿姨/姑妈）；visit my aunt（看望阿姨）；Aunt Mary（玛丽姑妈）；aunt and uncle（叔叔阿姨）","aunt（阿姨/姑妈）vs ant（蚂蚁）——美式发音相同，但拼写和意思完全不同；aunt 是 family 成员","My aunt lives in London. 我的姑妈住在伦敦。","听家庭介绍判断""谁住在伦敦""，或阅读家庭树选 aunt 对应的人物关系"
"82","boy","家庭成员","/bɔɪ/","n.","男孩","Boy 来自中古英语，原意是""仆人、少年""。和 girl 是一对反义词。发音像""博伊""，可以联想：男孩（boy）爱踢球，喊""Bo-y!""加油！","KET 核心词汇","听力 Part 2（学校/游乐场）；阅读 Part 3（人物描述/班级介绍）","a little boy（小男孩）；school boy（男学生）；boy and girl（男孩和女孩）；that boy over there（那边的男孩）","boy（男孩）vs girl（女孩）——boy 指男生，girl 指女生；复数 boys / girls","The boy is playing football in the park. 那个男孩在公园踢足球。","听录音描述人物选""男孩在做什么""，或阅读班级介绍判断有几个 boys"
"83","brother","家庭成员","/ˈbrʌðə/（英）  /ˈbrʌðər/（美）","n.","兄弟；哥哥；弟弟","Brother 来自古英语，和德语 Bruder 是亲戚词。Bro 是 brother 的口语缩写，好朋友也互称 bro！记住：brother 是""兄/弟""，sister 是""姐/妹""，合起来是兄弟姐妹。","KET 核心词汇","听力 Part 2（家庭介绍）；阅读 Part 3（家庭描述/兄弟姐妹）","my brother（我的兄弟/哥哥/弟弟）；big brother（哥哥）；little brother（弟弟）；brother and sister（兄妹/姐弟）","brother（兄弟）vs sister（姐妹）——brother 指男性兄弟姐妹，sister 指女性；older brother = 哥哥","I have one brother and two sisters. 我有一个哥哥/弟弟和两个姐姐/妹妹。","听家庭介绍判断""有几个兄弟姐妹""，或阅读选 brother 的家庭关系"
"84","dad","家庭成员","/dæd/","n.","爸爸（口语）","Dad 是 daddy 的缩写，小孩子最先学会的词之一！和 father 意思一样，但 dad 更亲切、更口语。发音""大大""，就像叫""爸爸""一样简单直接！","KET 核心词汇","听力 Part 2（家庭日常对话）；阅读 Part 3（日记/家庭活动）","my dad（我爸爸）；dad and mum（爸爸妈妈）；Dad's car（爸爸的车）；ask my dad（问我爸爸）","dad（爸爸，口语）vs father（父亲，较正式）——日常对话用 dad，正式场合或书面用 father","My dad drives me to school every day. 我爸爸每天开车送我去学校。","听家庭对话判断""谁送孩子上学""，或阅读日记找出 dad 做了什么"
"85","father","家庭成员","/ˈfɑːðə/（英）  /ˈfɑːðər/（美）","n.","父亲；爸爸","Father 来自古英语 fæder，和 mom/mother 一样，是全世界很多语言都有的""爸爸""词！比 dad 更正式，填表格、写贺卡时常用 father。Father's Day 就是""父亲节""。","KET 核心词汇","听力 Part 2（家庭/节日）；阅读 Part 3（正式介绍/贺卡）","my father（我的父亲）；Father's Day（父亲节）；father and mother（父母）；his father（他的父亲）","father（父亲，正式）vs dad（爸爸，口语）——father 用于正式场合，dad 用于日常聊天","My father works in a hospital. 我父亲在一家医院工作。","阅读正式家庭介绍选 father's job，或听力 Father's Day 相关对话"
"86","girl","家庭成员","/ɡɜːl/（英）  /ɡɜːrl/（美）","n.","女孩","Girl 来自古英语 gyrela，原意是""年轻人""。和 boy 是一对。发音""格尔""，可以联想：女孩（girl）扎着 curl（卷发）——girl 和 curl 押韵好记！","KET 核心词汇","听力 Part 2（学校/朋友）；阅读 Part 3（人物描述/班级）","a little girl（小女孩）；school girl（女学生）；boy and girl（男孩和女孩）；that girl with long hair（那个长发女孩）","girl（女孩）vs boy（男孩）——girl 指女生，boy 指男生","The girl is reading a book under the tree. 那个女孩在树下看书。","听人物描述选""女孩在做什么""，或阅读班级名单统计 girls 人数"
"87","grandma","家庭成员","/ˈɡrænmɑː/（英）  /ˈɡrænmɑː/（美）","n.","奶奶；外婆（口语）","Grandma = grand（隔代的）+ ma（妈妈）——""隔一层的妈妈""就是奶奶或外婆！正式说法是 grandmother，但日常叫 grandma 或 granny 更亲切。Grand 还有""宏伟""的意思，奶奶在你心里就是最伟大的人！","KET 核心词汇","听力 Part 2（家庭拜访/周末活动）；阅读 Part 3（家庭故事）","visit grandma（看望奶奶/外婆）；my grandma（我的奶奶）；Grandma's house（奶奶家）；grandma and grandpa（爷爷奶奶/外公外婆）","grandma（奶奶/外婆，口语）vs grandmother（祖母，正式）——意思相同，grandma 更口语化","I visit my grandma every Sunday. 我每个星期天都去看望奶奶。","听家庭对话判断""周末去看望谁""，或阅读家庭故事找出 grandma 的角色"
"88","grandpa","家庭成员","/ˈɡrænpɑː/（英）  /ˈɡrænpɑː/（美）","n.","爷爷；外公（口语）","Grandpa = grand + pa（爸爸）——""隔一层的爸爸""就是爷爷或外公！和 grandma 是一对。正式说法是 grandfather，但 grandpa 更温暖，很多爷爷喜欢孙子孙女叫 grandpa！","KET 核心词汇","听力 Part 2（家庭/节日）；阅读 Part 3（祖孙故事）","visit grandpa（看望爷爷/外公）；my grandpa（我的爷爷）；Grandpa's garden（爷爷的菜园）；grandpa and grandma（爷爷奶奶/外公外婆）","grandpa（爷爷/外公，口语）vs grandfather（祖父，正式）——拼写和正式程度不同，意思一样","My grandpa tells me stories before bed. 我爷爷睡前给我讲故事。","听祖孙对话判断""爷爷在做什么""，或阅读选 grandpa 的相关活动"
"89","mother","家庭成员","/ˈmʌðə/（英）  /ˈmʌðər/（美）","n.","母亲；妈妈","Mother 和 father 是经典父母配对词，来自古英语 modor。Mother's Day 是母亲节！比 mum/mom 更正式，和 father 一样常用于书面或正式介绍。","KET 核心词汇","听力 Part 2（家庭/节日）；阅读 Part 3（正式介绍/贺卡）","my mother（我的母亲）；Mother's Day（母亲节）；mother and father（父母）；his mother（他的母亲）","mother（母亲，正式）vs mum/mom（妈妈，口语）——mother 正式，mum（英）/ mom（美）口语","My mother cooks dinner for our family. 我妈妈给我们全家做晚餐。","阅读家庭介绍选 mother 的职业或活动，或听力 Mother's Day 相关题目"
"90","Mrs.","家庭成员","/ˈmɪsɪz/","n.（称谓）","夫人；太太；老师（对已婚女性的尊称）","Mrs. 是 Mistress 的缩写，用在已婚女性姓氏前，比如 Mrs. Smith（史密斯夫人/太太）。注意：发音是""米西兹""（/ˈmɪsɪz/），不是""密斯""！在学校，叫女老师 Mrs. + 姓，表示尊重。","KET 核心词汇","听力 Part 1/2（学校/正式介绍）；阅读 Part 5（书信/便条）","Mrs. Smith（史密斯夫人/老师）；Dear Mrs. Jones（亲爱的琼斯夫人）；Mrs. Brown, our teacher（布朗老师）","Mrs.（夫人，已婚）vs Miss（小姐，未婚）——Mrs. 用于已婚女性，Miss 用于未婚女性；都加在姓氏前","Mrs. Wang is our English teacher. 王老师是我们的英语老师。","阅读书信判断收信人称谓，或听力学校场景辨认 Mrs. + 姓氏"
"91","Miss","家庭成员","/mɪs/","n.（称谓）","小姐；老师（对未婚女性的尊称）","Miss 用在未婚女性姓氏前，比如 Miss Green（格林小姐/老师）。发音""密斯""，和 Mrs.（米西兹）不同！在学校叫 Miss + 姓，是对女老师的尊称。三个 M 称谓：Mr. 先生、Mrs. 夫人、Miss 小姐。","KET 核心词汇","听力 Part 1/2（学校/介绍）；阅读 Part 5（书信/通知）","Miss Lee（李小姐/老师）；Dear Miss White（亲爱的怀特小姐）；Miss, our maths teacher（我们的数学老师）","Miss（小姐，未婚）vs Mrs.（夫人，已婚）——Miss 未结婚，Mrs. 已结婚；拼写差一个 r","Miss Chen teaches us music. 陈老师教我们音乐。","阅读通知或书信选正确称谓，或听力判断如何称呼女老师"
"92","Mister","家庭成员","/ˈmɪstə/（英）  /ˈmɪstər/（美）","n.（称谓）","先生","Mister 就是 Mr. 的完整写法，用在男士姓氏前，比如 Mister Brown 或 Mr. Brown（布朗先生）。发音""米斯特""。记住：Mister/Mr. 对男士，Miss 对未婚女士，Mrs. 对已婚女士——三位一家！","KET 核心词汇","听力 Part 1/2（正式介绍/商店）；阅读 Part 5（书信/表格）","Mister Smith / Mr. Smith（史密斯先生）；Dear Mister Brown（亲爱的布朗先生）；Yes, Mister（是的，先生）","Mister/Mr.（先生）vs Miss（小姐）——Mr. 是缩写，Mister 是全称；都用于称呼","Mr. Zhang is our new teacher. 张先生是我们的新老师。","阅读正式信函判断对男士的称谓，或听力商店/学校场景辨认 Mr./Mister"
"93","son","家庭成员","/sʌn/","n.","儿子","Son 和 sun（太阳）发音一模一样，都是 /sʌn/！但 son 是""儿子""（家庭），sun 是""太阳""（天上）。记忆口诀：儿子（son）像太阳（sun）一样，是家里的""小太阳""！daughter 是女儿，和 son 相对。","KET 核心词汇","听力 Part 2（家庭介绍）；阅读 Part 3（家庭关系/拼写辨析）","my son（我的儿子）；son and daughter（儿子和女儿）；their son（他们的儿子）；only son（独子）","son（儿子）vs sun（太阳）——同音不同义、不同拼写；son 是 family，sun 是 sky","They have one son and one daughter. 他们有一个儿子和一个女儿。","阅读家庭介绍判断 son/daughter，或拼写题区分 son 和 sun 的语境"
"94","uncle","家庭成员","/ˈʌŋkl/","n.","叔叔；舅舅；姑父；姨父","Uncle 是爸爸妈妈的兄弟，或 aunt 的丈夫。和 aunt 是一对亲戚词！发音""安克尔""，开头的 un- 像""你的""，可以联想：uncle 是""你的长辈亲戚""。Bob's your uncle 是英式俚语，意思是""搞定了！""","KET 核心词汇","听力 Part 2（家庭拜访）；阅读 Part 3（家庭树/人物关系）","my uncle（我的叔叔/舅舅）；Uncle Tom（汤姆叔叔）；aunt and uncle（叔叔阿姨）；visit my uncle（看望叔叔）","uncle（叔叔/舅舅）vs aunt（阿姨/姑妈）——uncle 是男性长辈，aunt 是女性长辈","My uncle gave me a birthday present. 我叔叔/舅舅送了我一份生日礼物。","听家庭介绍判断 uncle 的角色，或阅读家庭树选 uncle 对应关系"
"95","armchair","居家","/ˈɑːmtʃeə/（英）  /ˈɑːrmtʃer/（美）","n.","扶手椅；单人沙发","Armchair = arm（手臂）+ chair（椅子）——有""扶手""的椅子！可以把胳膊搭在两边扶手上，舒服地坐着看书。Arm 是手臂，chair 是椅子，合起来就是""有手臂支撑的椅子""。","KET 核心词汇","听力 Part 2（描述房间/家具）；阅读 Part 3（家居/酒店描述）","sit in an armchair（坐在扶手椅里）；a comfortable armchair（一张舒适的扶手椅）；leather armchair（皮扶手椅）；by the armchair（在扶手椅旁）","armchair（扶手椅）vs chair（普通椅子）——armchair 有扶手、更大更软，chair 是普通椅子","Grandpa likes reading in his armchair. 爷爷喜欢坐在他的扶手椅里看书。","听房间描述判断""有什么家具""，或阅读家居文章找出 armchair 的位置"
"96","bathroom","居家","/ˈbɑːθruːm/（英）  /ˈbæθruːm/（美）","n.","浴室；卫生间","Bathroom = bath（洗澡）+ room（房间）——""洗澡的房间""！虽然很多 bathroom 也有马桶，但英文里 bathroom 本意是浴室。美国人常说 ""Where's the bathroom?"" 意思是找卫生间。Bath 是洗澡，room 是房间。","KET 核心词汇","听力 Part 2（描述房屋/问路）；阅读 Part 3（公寓/酒店描述）","go to the bathroom（去卫生间）；a big bathroom（大浴室）；bathroom mirror（浴室镜子）；clean the bathroom（打扫卫生间）","bathroom（浴室/卫生间）vs bedroom（卧室）——bathroom 洗澡用，bedroom 睡觉用；都有 room","The bathroom is next to the bedroom. 卫生间在卧室旁边。","听房屋介绍判断 bathroom 位置，或阅读公寓描述选房间功能"
"97","bed","居家","/bed/","n.","床","Bed 来自古英语 bedd，发音和拼写一样短——/bed/！Go to bed 是""上床睡觉""。Bed 还是 bedroom（卧室）的第一个词：bed + room = 放床的房间。","KET 核心词汇","听力 Part 2（日常作息/房间）；阅读 Part 3（卧室描述）","go to bed（上床睡觉）；make the bed（铺床）；in bed（在床上）；a single/double bed（单人/双人床）","bed（床）vs bad（坏的）——bed 中间是 e，bad 中间是 a；bed 是家具，bad 是形容词","I go to bed at nine o'clock. 我九点上床睡觉。","听日常作息选""几点睡觉""，或阅读卧室描述找出 bed 相关细节"
"98","bedroom","居家","/ˈbedruːm/","n.","卧室","Bedroom = bed（床）+ room（房间）——""放床的房间""就是卧室！和 bathroom（浴室）一样，都是 room 复合词。记住：bedroom 睡觉，bathroom 洗澡，living room 客厅——每个 room 有不同功能。","KET 核心词汇","听力 Part 2（描述房屋）；阅读 Part 3（公寓/房间布局）","my bedroom（我的卧室）；a big bedroom（大卧室）；two bedrooms（两间卧室）；clean my bedroom（打扫我的卧室）","bedroom（卧室）vs bathroom（卫生间）——bedroom 有 bed 睡觉，bathroom 有 bath 洗澡","My bedroom is on the second floor. 我的卧室在二楼。","听房屋介绍判断 bedroom 位置或数量，或阅读公寓广告选有几间 bedroom"
"99","blanket","居家","/ˈblæŋkɪt/","n.","毯子；毛毯","Blanket 来自法语 blanc（白色），最早指白色羊毛毯。Blank 是""空白""，blanket 盖在身上像一层""温暖的覆盖""。冬天钻进 blanket 里，又暖又舒服！发音""布兰基特""，blank 像""不冷""。","KET 核心词汇","听力 Part 2（卧室/天气）；阅读 Part 3（家居/露营描述）","a warm blanket（一条暖毯）；under the blanket（在毯子下面）；wool blanket（羊毛毯）；put a blanket on the bed（在床上铺毯子）","blanket（毯子）vs quilt（被子）——blanket 通常较薄单层，quilt 是厚棉被","It's cold, so I need an extra blanket. 天冷了，我需要多一条毯子。","听卧室/露营对话选需要的物品，或阅读判断 blanket 的用途"
"100","bookcase","居家","/ˈbʊkkeɪs/","n.","书柜；书架","Bookcase = book（书）+ case（柜子）——""放书的柜子""就是书柜！Case 有""盒子、柜子""的意思，suitcase 是行李箱。和 bookshelf（书架）意思相近，bookcase 通常是有门或整柜的。","KET 核心词汇","听力 Part 2（描述房间/书房）；阅读 Part 3（家居/学校描述）","a tall bookcase（高书柜）；books on the bookcase（书柜上的书）；in the bookcase（在书柜里）；put books in the bookcase（把书放进书柜）","bookcase（书柜）vs bookshelf（书架）——bookcase 是有柜体的，bookshelf 是开放式架子","There are many books in the bookcase. 书柜里有很多书。","听房间描述判断""书放在哪里""，或阅读家居图选 bookcase 的位置"
